appliance_callsign,hour,turnout_time
KV01P1,0,2
KV01P2,0,2
KV02P1,0,2
KV02P2,0,2
KV03P1,0,2
KV04P1,0,2
KV04P2,0,2
KV05P1,0,2
KV06P1,0,2
KV07P1,0,2
KV08P1,0,2
KV09P1,0,2
KV10P1,0,2
KV11P1,0,2
KV11P2,0,2
KV12P1,0,2
KV13P1,0,2
KV13P2,0,2
KV14P1,0,2
KV15P1,0,2
KV16P1,0,2
KV17P1,0,2
KV17P2,0,2
KV17P3,0,2
KV18P1,0,2
KV18P2,0,2
KV19P1,0,2
KV20P1,0,2
KV21P1,0,2
KV21P2,0,2
KV22P1,0,2
KV23P1,0,2
KV24P1,0,2
KV24P2,0,2
KV25P1,0,2
KV26P1,0,2
KV27P1,0,2
KV28P1,0,2
KV28P2,0,2
KV29P1,0,2
KV30P1,0,2
KV30P2,0,2
KV31P1,0,2
KV31P2,0,2
KV32P1,0,2
KV32P2,0,2
KV33P1,0,2
KV33P2,0,2
KV34P1,0,2
KV35P1,0,2
KV36P1,0,2
KV37P1,0,2
KV38P1,0,2
KV38P2,0,2
KV39P1,0,2
KV40P1,0,2
KV40P2,0,2
KV41P1,0,2
KV42P1,0,2
KV43P1,0,2
KV43P2,0,2
KV44P1,0,2
KV44P2,0,2
KV45P1,0,2
KV45P2,0,2
KV46P1,0,2
KV47P1,0,2
KV48P1,0,2
KV49P1,0,2
KV49P2,0,2
KV50P1,0,2
KV50P2,0,2
KV51P1,0,2
KV52P1,0,2
KV53P1,0,2
KV54P2,0,2
KV55P1,0,2
KV56L1,0,2
KV57P1,0,2
KV57P2,0,2
KV58P1,0,2
KV59P1,0,2
KV61P1,0,2
KV61P2,0,2
KV61P5,0,2
KV62P1,0,2
KV62P2,0,2
KV62P3,0,2
KV63P1,0,2
KV63P2,0,2
KV64P1,0,2
KV65P1,0,2
KV66P1,0,2
KV66P2,0,2
KV67P1,0,2
KV68L1,0,2
KV69P1,0,2
KV70P1,0,2
KV70P2,0,2
KV71P1,0,2
KV71P2,0,2
KV72P1,0,2
KV73P1,0,2
KV73P2,0,2
KV73P5,0,2
KV74P1,0,2
KV75P1,0,2
KV75P2,0,2
KV76P1,0,2
KV77P1,0,2
KV78P1,0,2
KV78P2,0,2
KV79P1,0,2
KV80P1,0,2
KV80P2,0,2
KV81P1,0,2
KV81P2,0,2
KV82P1,0,2
KV83P1,0,2
KV83P2,0,2
KV84P1,0,2
KV01P1,1,2
KV01P2,1,2
KV02P1,1,2
KV02P2,1,2
KV03P1,1,2
KV04P1,1,2
KV04P2,1,2
KV05P1,1,2
KV06P1,1,2
KV07P1,1,2
KV08P1,1,2
KV09P1,1,2
KV10P1,1,2
KV11P1,1,2
KV11P2,1,2
KV12P1,1,2
KV13P1,1,2
KV13P2,1,2
KV14P1,1,2
KV15P1,1,2
KV16P1,1,2
KV17P1,1,2
KV17P2,1,2
KV17P3,1,2
KV18P1,1,2
KV18P2,1,2
KV19P1,1,2
KV20P1,1,2
KV21P1,1,2
KV21P2,1,2
KV22P1,1,2
KV23P1,1,2
KV24P1,1,2
KV24P2,1,2
KV25P1,1,2
KV26P1,1,2
KV27P1,1,2
KV28P1,1,2
KV28P2,1,2
KV29P1,1,2
KV30P1,1,2
KV30P2,1,2
KV31P1,1,2
KV31P2,1,2
KV32P1,1,2
KV32P2,1,2
KV33P1,1,2
KV33P2,1,2
KV34P1,1,2
KV35P1,1,2
KV36P1,1,2
KV37P1,1,2
KV38P1,1,2
KV38P2,1,2
KV39P1,1,2
KV40P1,1,2
KV40P2,1,2
KV41P1,1,2
KV42P1,1,2
KV43P1,1,2
KV43P2,1,2
KV44P1,1,2
KV44P2,1,2
KV45P1,1,2
KV45P2,1,2
KV46P1,1,2
KV47P1,1,2
KV48P1,1,2
KV49P1,1,2
KV49P2,1,2
KV50P1,1,2
KV50P2,1,2
KV51P1,1,2
KV52P1,1,2
KV53P1,1,2
KV54P2,1,2
KV55P1,1,2
KV56L1,1,2
KV57P1,1,2
KV57P2,1,2
KV58P1,1,2
KV59P1,1,2
KV61P1,1,2
KV61P2,1,2
KV61P5,1,2
KV62P1,1,2
KV62P2,1,2
KV62P3,1,2
KV63P1,1,2
KV63P2,1,2
KV64P1,1,2
KV65P1,1,2
KV66P1,1,2
KV66P2,1,2
KV67P1,1,2
KV68L1,1,2
KV69P1,1,2
KV70P1,1,2
KV70P2,1,2
KV71P1,1,2
KV71P2,1,2
KV72P1,1,2
KV73P1,1,2
KV73P2,1,2
KV73P5,1,2
KV74P1,1,2
KV75P1,1,2
KV75P2,1,2
KV76P1,1,2
KV77P1,1,2
KV78P1,1,2
KV78P2,1,2
KV79P1,1,2
KV80P1,1,2
KV80P2,1,2
KV81P1,1,2
KV81P2,1,2
KV82P1,1,2
KV83P1,1,2
KV83P2,1,2
KV84P1,1,2
KV01P1,2,2
KV01P2,2,2
KV02P1,2,2
KV02P2,2,2
KV03P1,2,2
KV04P1,2,2
KV04P2,2,2
KV05P1,2,2
KV06P1,2,2
KV07P1,2,2
KV08P1,2,2
KV09P1,2,2
KV10P1,2,2
KV11P1,2,2
KV11P2,2,2
KV12P1,2,2
KV13P1,2,2
KV13P2,2,2
KV14P1,2,2
KV15P1,2,2
KV16P1,2,2
KV17P1,2,2
KV17P2,2,2
KV17P3,2,2
KV18P1,2,2
KV18P2,2,2
KV19P1,2,2
KV20P1,2,2
KV21P1,2,2
KV21P2,2,2
KV22P1,2,2
KV23P1,2,2
KV24P1,2,2
KV24P2,2,2
KV25P1,2,2
KV26P1,2,2
KV27P1,2,2
KV28P1,2,2
KV28P2,2,2
KV29P1,2,2
KV30P1,2,2
KV30P2,2,2
KV31P1,2,2
KV31P2,2,2
KV32P1,2,2
KV32P2,2,2
KV33P1,2,2
KV33P2,2,2
KV34P1,2,2
KV35P1,2,2
KV36P1,2,2
KV37P1,2,2
KV38P1,2,2
KV38P2,2,2
KV39P1,2,2
KV40P1,2,2
KV40P2,2,2
KV41P1,2,2
KV42P1,2,2
KV43P1,2,2
KV43P2,2,2
KV44P1,2,2
KV44P2,2,2
KV45P1,2,2
KV45P2,2,2
KV46P1,2,2
KV47P1,2,2
KV48P1,2,2
KV49P1,2,2
KV49P2,2,2
KV50P1,2,2
KV50P2,2,2
KV51P1,2,2
KV52P1,2,2
KV53P1,2,2
KV54P2,2,2
KV55P1,2,2
KV56L1,2,2
KV57P1,2,2
KV57P2,2,2
KV58P1,2,2
KV59P1,2,2
KV61P1,2,2
KV61P2,2,2
KV61P5,2,2
KV62P1,2,2
KV62P2,2,2
KV62P3,2,2
KV63P1,2,2
KV63P2,2,2
KV64P1,2,2
KV65P1,2,2
KV66P1,2,2
KV66P2,2,2
KV67P1,2,2
KV68L1,2,2
KV69P1,2,2
KV70P1,2,2
KV70P2,2,2
KV71P1,2,2
KV71P2,2,2
KV72P1,2,2
KV73P1,2,2
KV73P2,2,2
KV73P5,2,2
KV74P1,2,2
KV75P1,2,2
KV75P2,2,2
KV76P1,2,2
KV77P1,2,2
KV78P1,2,2
KV78P2,2,2
KV79P1,2,2
KV80P1,2,2
KV80P2,2,2
KV81P1,2,2
KV81P2,2,2
KV82P1,2,2
KV83P1,2,2
KV83P2,2,2
KV84P1,2,2
KV01P1,3,2
KV01P2,3,2
KV02P1,3,2
KV02P2,3,2
KV03P1,3,2
KV04P1,3,2
KV04P2,3,2
KV05P1,3,2
KV06P1,3,2
KV07P1,3,2
KV08P1,3,2
KV09P1,3,2
KV10P1,3,2
KV11P1,3,2
KV11P2,3,2
KV12P1,3,2
KV13P1,3,2
KV13P2,3,2
KV14P1,3,2
KV15P1,3,2
KV16P1,3,2
KV17P1,3,2
KV17P2,3,2
KV17P3,3,2
KV18P1,3,2
KV18P2,3,2
KV19P1,3,2
KV20P1,3,2
KV21P1,3,2
KV21P2,3,2
KV22P1,3,2
KV23P1,3,2
KV24P1,3,2
KV24P2,3,2
KV25P1,3,2
KV26P1,3,2
KV27P1,3,2
KV28P1,3,2
KV28P2,3,2
KV29P1,3,2
KV30P1,3,2
KV30P2,3,2
KV31P1,3,2
KV31P2,3,2
KV32P1,3,2
KV32P2,3,2
KV33P1,3,2
KV33P2,3,2
KV34P1,3,2
KV35P1,3,2
KV36P1,3,2
KV37P1,3,2
KV38P1,3,2
KV38P2,3,2
KV39P1,3,2
KV40P1,3,2
KV40P2,3,2
KV41P1,3,2
KV42P1,3,2
KV43P1,3,2
KV43P2,3,2
KV44P1,3,2
KV44P2,3,2
KV45P1,3,2
KV45P2,3,2
KV46P1,3,2
KV47P1,3,2
KV48P1,3,2
KV49P1,3,2
KV49P2,3,2
KV50P1,3,2
KV50P2,3,2
KV51P1,3,2
KV52P1,3,2
KV53P1,3,2
KV54P2,3,2
KV55P1,3,2
KV56L1,3,2
KV57P1,3,2
KV57P2,3,2
KV58P1,3,2
KV59P1,3,2
KV61P1,3,2
KV61P2,3,2
KV61P5,3,2
KV62P1,3,2
KV62P2,3,2
KV62P3,3,2
KV63P1,3,2
KV63P2,3,2
KV64P1,3,2
KV65P1,3,2
KV66P1,3,2
KV66P2,3,2
KV67P1,3,2
KV68L1,3,2
KV69P1,3,2
KV70P1,3,2
KV70P2,3,2
KV71P1,3,2
KV71P2,3,2
KV72P1,3,2
KV73P1,3,2
KV73P2,3,2
KV73P5,3,2
KV74P1,3,2
KV75P1,3,2
KV75P2,3,2
KV76P1,3,2
KV77P1,3,2
KV78P1,3,2
KV78P2,3,2
KV79P1,3,2
KV80P1,3,2
KV80P2,3,2
KV81P1,3,2
KV81P2,3,2
KV82P1,3,2
KV83P1,3,2
KV83P2,3,2
KV84P1,3,2
KV01P1,4,2
KV01P2,4,2
KV02P1,4,2
KV02P2,4,2
KV03P1,4,2
KV04P1,4,2
KV04P2,4,2
KV05P1,4,2
KV06P1,4,2
KV07P1,4,2
KV08P1,4,2
KV09P1,4,2
KV10P1,4,2
KV11P1,4,2
KV11P2,4,2
KV12P1,4,2
KV13P1,4,2
KV13P2,4,2
KV14P1,4,2
KV15P1,4,2
KV16P1,4,2
KV17P1,4,2
KV17P2,4,2
KV17P3,4,2
KV18P1,4,2
KV18P2,4,2
KV19P1,4,2
KV20P1,4,2
KV21P1,4,2
KV21P2,4,2
KV22P1,4,2
KV23P1,4,2
KV24P1,4,2
KV24P2,4,2
KV25P1,4,2
KV26P1,4,2
KV27P1,4,2
KV28P1,4,2
KV28P2,4,2
KV29P1,4,2
KV30P1,4,2
KV30P2,4,2
KV31P1,4,2
KV31P2,4,2
KV32P1,4,2
KV32P2,4,2
KV33P1,4,2
KV33P2,4,2
KV34P1,4,2
KV35P1,4,2
KV36P1,4,2
KV37P1,4,2
KV38P1,4,2
KV38P2,4,2
KV39P1,4,2
KV40P1,4,2
KV40P2,4,2
KV41P1,4,2
KV42P1,4,2
KV43P1,4,2
KV43P2,4,2
KV44P1,4,2
KV44P2,4,2
KV45P1,4,2
KV45P2,4,2
KV46P1,4,2
KV47P1,4,2
KV48P1,4,2
KV49P1,4,2
KV49P2,4,2
KV50P1,4,2
KV50P2,4,2
KV51P1,4,2
KV52P1,4,2
KV53P1,4,2
KV54P2,4,2
KV55P1,4,2
KV56L1,4,2
KV57P1,4,2
KV57P2,4,2
KV58P1,4,2
KV59P1,4,2
KV61P1,4,2
KV61P2,4,2
KV61P5,4,2
KV62P1,4,2
KV62P2,4,2
KV62P3,4,2
KV63P1,4,2
KV63P2,4,2
KV64P1,4,2
KV65P1,4,2
KV66P1,4,2
KV66P2,4,2
KV67P1,4,2
KV68L1,4,2
KV69P1,4,2
KV70P1,4,2
KV70P2,4,2
KV71P1,4,2
KV71P2,4,2
KV72P1,4,2
KV73P1,4,2
KV73P2,4,2
KV73P5,4,2
KV74P1,4,2
KV75P1,4,2
KV75P2,4,2
KV76P1,4,2
KV77P1,4,2
KV78P1,4,2
KV78P2,4,2
KV79P1,4,2
KV80P1,4,2
KV80P2,4,2
KV81P1,4,2
KV81P2,4,2
KV82P1,4,2
KV83P1,4,2
KV83P2,4,2
KV84P1,4,2
KV01P1,5,2
KV01P2,5,2
KV02P1,5,2
KV02P2,5,2
KV03P1,5,2
KV04P1,5,2
KV04P2,5,2
KV05P1,5,2
KV06P1,5,2
KV07P1,5,2
KV08P1,5,2
KV09P1,5,2
KV10P1,5,2
KV11P1,5,2
KV11P2,5,2
KV12P1,5,2
KV13P1,5,2
KV13P2,5,2
KV14P1,5,2
KV15P1,5,2
KV16P1,5,2
KV17P1,5,2
KV17P2,5,2
KV17P3,5,2
KV18P1,5,2
KV18P2,5,2
KV19P1,5,2
KV20P1,5,2
KV21P1,5,2
KV21P2,5,2
KV22P1,5,2
KV23P1,5,2
KV24P1,5,2
KV24P2,5,2
KV25P1,5,2
KV26P1,5,2
KV27P1,5,2
KV28P1,5,2
KV28P2,5,2
KV29P1,5,2
KV30P1,5,2
KV30P2,5,2
KV31P1,5,2
KV31P2,5,2
KV32P1,5,2
KV32P2,5,2
KV33P1,5,2
KV33P2,5,2
KV34P1,5,2
KV35P1,5,2
KV36P1,5,2
KV37P1,5,2
KV38P1,5,2
KV38P2,5,2
KV39P1,5,2
KV40P1,5,2
KV40P2,5,2
KV41P1,5,2
KV42P1,5,2
KV43P1,5,2
KV43P2,5,2
KV44P1,5,2
KV44P2,5,2
KV45P1,5,2
KV45P2,5,2
KV46P1,5,2
KV47P1,5,2
KV48P1,5,2
KV49P1,5,2
KV49P2,5,2
KV50P1,5,2
KV50P2,5,2
KV51P1,5,2
KV52P1,5,2
KV53P1,5,2
KV54P2,5,2
KV55P1,5,2
KV56L1,5,2
KV57P1,5,2
KV57P2,5,2
KV58P1,5,2
KV59P1,5,2
KV61P1,5,2
KV61P2,5,2
KV61P5,5,2
KV62P1,5,2
KV62P2,5,2
KV62P3,5,2
KV63P1,5,2
KV63P2,5,2
KV64P1,5,2
KV65P1,5,2
KV66P1,5,2
KV66P2,5,2
KV67P1,5,2
KV68L1,5,2
KV69P1,5,2
KV70P1,5,2
KV70P2,5,2
KV71P1,5,2
KV71P2,5,2
KV72P1,5,2
KV73P1,5,2
KV73P2,5,2
KV73P5,5,2
KV74P1,5,2
KV75P1,5,2
KV75P2,5,2
KV76P1,5,2
KV77P1,5,2
KV78P1,5,2
KV78P2,5,2
KV79P1,5,2
KV80P1,5,2
KV80P2,5,2
KV81P1,5,2
KV81P2,5,2
KV82P1,5,2
KV83P1,5,2
KV83P2,5,2
KV84P1,5,2
KV01P1,6,2
KV01P2,6,2
KV02P1,6,2
KV02P2,6,2
KV03P1,6,2
KV04P1,6,2
KV04P2,6,2
KV05P1,6,2
KV06P1,6,2
KV07P1,6,2
KV08P1,6,2
KV09P1,6,2
KV10P1,6,2
KV11P1,6,2
KV11P2,6,2
KV12P1,6,2
KV13P1,6,2
KV13P2,6,2
KV14P1,6,2
KV15P1,6,2
KV16P1,6,2
KV17P1,6,2
KV17P2,6,2
KV17P3,6,2
KV18P1,6,2
KV18P2,6,2
KV19P1,6,2
KV20P1,6,2
KV21P1,6,2
KV21P2,6,2
KV22P1,6,2
KV23P1,6,2
KV24P1,6,2
KV24P2,6,2
KV25P1,6,2
KV26P1,6,2
KV27P1,6,2
KV28P1,6,2
KV28P2,6,2
KV29P1,6,2
KV30P1,6,2
KV30P2,6,2
KV31P1,6,2
KV31P2,6,2
KV32P1,6,2
KV32P2,6,2
KV33P1,6,2
KV33P2,6,2
KV34P1,6,2
KV35P1,6,2
KV36P1,6,2
KV37P1,6,2
KV38P1,6,2
KV38P2,6,2
KV39P1,6,2
KV40P1,6,2
KV40P2,6,2
KV41P1,6,2
KV42P1,6,2
KV43P1,6,2
KV43P2,6,2
KV44P1,6,2
KV44P2,6,2
KV45P1,6,2
KV45P2,6,2
KV46P1,6,2
KV47P1,6,2
KV48P1,6,2
KV49P1,6,2
KV49P2,6,2
KV50P1,6,2
KV50P2,6,2
KV51P1,6,2
KV52P1,6,2
KV53P1,6,2
KV54P2,6,2
KV55P1,6,2
KV56L1,6,2
KV57P1,6,2
KV57P2,6,2
KV58P1,6,2
KV59P1,6,2
KV61P1,6,2
KV61P2,6,2
KV61P5,6,2
KV62P1,6,2
KV62P2,6,2
KV62P3,6,2
KV63P1,6,2
KV63P2,6,2
KV64P1,6,2
KV65P1,6,2
KV66P1,6,2
KV66P2,6,2
KV67P1,6,2
KV68L1,6,2
KV69P1,6,2
KV70P1,6,2
KV70P2,6,2
KV71P1,6,2
KV71P2,6,2
KV72P1,6,2
KV73P1,6,2
KV73P2,6,2
KV73P5,6,2
KV74P1,6,2
KV75P1,6,2
KV75P2,6,2
KV76P1,6,2
KV77P1,6,2
KV78P1,6,2
KV78P2,6,2
KV79P1,6,2
KV80P1,6,2
KV80P2,6,2
KV81P1,6,2
KV81P2,6,2
KV82P1,6,2
KV83P1,6,2
KV83P2,6,2
KV84P1,6,2
KV01P1,7,2
KV01P2,7,2
KV02P1,7,2
KV02P2,7,2
KV03P1,7,2
KV04P1,7,2
KV04P2,7,2
KV05P1,7,2
KV06P1,7,2
KV07P1,7,2
KV08P1,7,2
KV09P1,7,2
KV10P1,7,2
KV11P1,7,2
KV11P2,7,2
KV12P1,7,2
KV13P1,7,2
KV13P2,7,2
KV14P1,7,2
KV15P1,7,2
KV16P1,7,2
KV17P1,7,2
KV17P2,7,2
KV17P3,7,2
KV18P1,7,2
KV18P2,7,2
KV19P1,7,2
KV20P1,7,2
KV21P1,7,2
KV21P2,7,2
KV22P1,7,2
KV23P1,7,2
KV24P1,7,2
KV24P2,7,2
KV25P1,7,2
KV26P1,7,2
KV27P1,7,2
KV28P1,7,2
KV28P2,7,2
KV29P1,7,2
KV30P1,7,2
KV30P2,7,2
KV31P1,7,2
KV31P2,7,2
KV32P1,7,2
KV32P2,7,2
KV33P1,7,2
KV33P2,7,2
KV34P1,7,2
KV35P1,7,2
KV36P1,7,2
KV37P1,7,2
KV38P1,7,2
KV38P2,7,2
KV39P1,7,2
KV40P1,7,2
KV40P2,7,2
KV41P1,7,2
KV42P1,7,2
KV43P1,7,2
KV43P2,7,2
KV44P1,7,2
KV44P2,7,2
KV45P1,7,2
KV45P2,7,2
KV46P1,7,2
KV47P1,7,2
KV48P1,7,2
KV49P1,7,2
KV49P2,7,2
KV50P1,7,2
KV50P2,7,2
KV51P1,7,2
KV52P1,7,2
KV53P1,7,2
KV54P2,7,2
KV55P1,7,2
KV56L1,7,2
KV57P1,7,2
KV57P2,7,2
KV58P1,7,2
KV59P1,7,2
KV61P1,7,2
KV61P2,7,2
KV61P5,7,2
KV62P1,7,2
KV62P2,7,2
KV62P3,7,2
KV63P1,7,2
KV63P2,7,2
KV64P1,7,2
KV65P1,7,2
KV66P1,7,2
KV66P2,7,2
KV67P1,7,2
KV68L1,7,2
KV69P1,7,2
KV70P1,7,2
KV70P2,7,2
KV71P1,7,2
KV71P2,7,2
KV72P1,7,2
KV73P1,7,2
KV73P2,7,2
KV73P5,7,2
KV74P1,7,2
KV75P1,7,2
KV75P2,7,2
KV76P1,7,2
KV77P1,7,2
KV78P1,7,2
KV78P2,7,2
KV79P1,7,2
KV80P1,7,2
KV80P2,7,2
KV81P1,7,2
KV81P2,7,2
KV82P1,7,2
KV83P1,7,2
KV83P2,7,2
KV84P1,7,2
KV01P1,8,2
KV01P2,8,2
KV02P1,8,2
KV02P2,8,2
KV03P1,8,2
KV04P1,8,2
KV04P2,8,2
KV05P1,8,2
KV06P1,8,2
KV07P1,8,2
KV08P1,8,2
KV09P1,8,2
KV10P1,8,2
KV11P1,8,2
KV11P2,8,2
KV12P1,8,2
KV13P1,8,2
KV13P2,8,2
KV14P1,8,2
KV15P1,8,2
KV16P1,8,2
KV17P1,8,2
KV17P2,8,2
KV17P3,8,2
KV18P1,8,2
KV18P2,8,2
KV19P1,8,2
KV20P1,8,2
KV21P1,8,2
KV21P2,8,2
KV22P1,8,2
KV23P1,8,2
KV24P1,8,2
KV24P2,8,2
KV25P1,8,2
KV26P1,8,2
KV27P1,8,2
KV28P1,8,2
KV28P2,8,2
KV29P1,8,2
KV30P1,8,2
KV30P2,8,2
KV31P1,8,2
KV31P2,8,2
KV32P1,8,2
KV32P2,8,2
KV33P1,8,2
KV33P2,8,2
KV34P1,8,2
KV35P1,8,2
KV36P1,8,2
KV37P1,8,2
KV38P1,8,2
KV38P2,8,2
KV39P1,8,2
KV40P1,8,2
KV40P2,8,2
KV41P1,8,2
KV42P1,8,2
KV43P1,8,2
KV43P2,8,2
KV44P1,8,2
KV44P2,8,2
KV45P1,8,2
KV45P2,8,2
KV46P1,8,2
KV47P1,8,2
KV48P1,8,2
KV49P1,8,2
KV49P2,8,2
KV50P1,8,2
KV50P2,8,2
KV51P1,8,2
KV52P1,8,2
KV53P1,8,2
KV54P2,8,2
KV55P1,8,2
KV56L1,8,2
KV57P1,8,2
KV57P2,8,2
KV58P1,8,2
KV59P1,8,2
KV61P1,8,2
KV61P2,8,2
KV61P5,8,2
KV62P1,8,2
KV62P2,8,2
KV62P3,8,2
KV63P1,8,2
KV63P2,8,2
KV64P1,8,2
KV65P1,8,2
KV66P1,8,2
KV66P2,8,2
KV67P1,8,2
KV68L1,8,2
KV69P1,8,2
KV70P1,8,2
KV70P2,8,2
KV71P1,8,2
KV71P2,8,2
KV72P1,8,2
KV73P1,8,2
KV73P2,8,2
KV73P5,8,2
KV74P1,8,2
KV75P1,8,2
KV75P2,8,2
KV76P1,8,2
KV77P1,8,2
KV78P1,8,2
KV78P2,8,2
KV79P1,8,2
KV80P1,8,2
KV80P2,8,2
KV81P1,8,2
KV81P2,8,2
KV82P1,8,2
KV83P1,8,2
KV83P2,8,2
KV84P1,8,2
KV01P1,9,2
KV01P2,9,2
KV02P1,9,2
KV02P2,9,2
KV03P1,9,2
KV04P1,9,2
KV04P2,9,2
KV05P1,9,2
KV06P1,9,2
KV07P1,9,2
KV08P1,9,2
KV09P1,9,2
KV10P1,9,2
KV11P1,9,2
KV11P2,9,2
KV12P1,9,2
KV13P1,9,2
KV13P2,9,2
KV14P1,9,2
KV15P1,9,2
KV16P1,9,2
KV17P1,9,2
KV17P2,9,2
KV17P3,9,2
KV18P1,9,2
KV18P2,9,2
KV19P1,9,2
KV20P1,9,2
KV21P1,9,2
KV21P2,9,2
KV22P1,9,2
KV23P1,9,2
KV24P1,9,2
KV24P2,9,2
KV25P1,9,2
KV26P1,9,2
KV27P1,9,2
KV28P1,9,2
KV28P2,9,2
KV29P1,9,2
KV30P1,9,2
KV30P2,9,2
KV31P1,9,2
KV31P2,9,2
KV32P1,9,2
KV32P2,9,2
KV33P1,9,2
KV33P2,9,2
KV34P1,9,2
KV35P1,9,2
KV36P1,9,2
KV37P1,9,2
KV38P1,9,2
KV38P2,9,2
KV39P1,9,2
KV40P1,9,2
KV40P2,9,2
KV41P1,9,2
KV42P1,9,2
KV43P1,9,2
KV43P2,9,2
KV44P1,9,2
KV44P2,9,2
KV45P1,9,2
KV45P2,9,2
KV46P1,9,2
KV47P1,9,2
KV48P1,9,2
KV49P1,9,2
KV49P2,9,2
KV50P1,9,2
KV50P2,9,2
KV51P1,9,2
KV52P1,9,2
KV53P1,9,2
KV54P2,9,2
KV55P1,9,2
KV56L1,9,2
KV57P1,9,2
KV57P2,9,2
KV58P1,9,2
KV59P1,9,2
KV61P1,9,2
KV61P2,9,2
KV61P5,9,2
KV62P1,9,2
KV62P2,9,2
KV62P3,9,2
KV63P1,9,2
KV63P2,9,2
KV64P1,9,2
KV65P1,9,2
KV66P1,9,2
KV66P2,9,2
KV67P1,9,2
KV68L1,9,2
KV69P1,9,2
KV70P1,9,2
KV70P2,9,2
KV71P1,9,2
KV71P2,9,2
KV72P1,9,2
KV73P1,9,2
KV73P2,9,2
KV73P5,9,2
KV74P1,9,2
KV75P1,9,2
KV75P2,9,2
KV76P1,9,2
KV77P1,9,2
KV78P1,9,2
KV78P2,9,2
KV79P1,9,2
KV80P1,9,2
KV80P2,9,2
KV81P1,9,2
KV81P2,9,2
KV82P1,9,2
KV83P1,9,2
KV83P2,9,2
KV84P1,9,2
KV01P1,10,2
KV01P2,10,2
KV02P1,10,2
KV02P2,10,2
KV03P1,10,2
KV04P1,10,2
KV04P2,10,2
KV05P1,10,2
KV06P1,10,2
KV07P1,10,2
KV08P1,10,2
KV09P1,10,2
KV10P1,10,2
KV11P1,10,2
KV11P2,10,2
KV12P1,10,2
KV13P1,10,2
KV13P2,10,2
KV14P1,10,2
KV15P1,10,2
KV16P1,10,2
KV17P1,10,2
KV17P2,10,2
KV17P3,10,2
KV18P1,10,2
KV18P2,10,2
KV19P1,10,2
KV20P1,10,2
KV21P1,10,2
KV21P2,10,2
KV22P1,10,2
KV23P1,10,2
KV24P1,10,2
KV24P2,10,2
KV25P1,10,2
KV26P1,10,2
KV27P1,10,2
KV28P1,10,2
KV28P2,10,2
KV29P1,10,2
KV30P1,10,2
KV30P2,10,2
KV31P1,10,2
KV31P2,10,2
KV32P1,10,2
KV32P2,10,2
KV33P1,10,2
KV33P2,10,2
KV34P1,10,2
KV35P1,10,2
KV36P1,10,2
KV37P1,10,2
KV38P1,10,2
KV38P2,10,2
KV39P1,10,2
KV40P1,10,2
KV40P2,10,2
KV41P1,10,2
KV42P1,10,2
KV43P1,10,2
KV43P2,10,2
KV44P1,10,2
KV44P2,10,2
KV45P1,10,2
KV45P2,10,2
KV46P1,10,2
KV47P1,10,2
KV48P1,10,2
KV49P1,10,2
KV49P2,10,2
KV50P1,10,2
KV50P2,10,2
KV51P1,10,2
KV52P1,10,2
KV53P1,10,2
KV54P2,10,2
KV55P1,10,2
KV56L1,10,2
KV57P1,10,2
KV57P2,10,2
KV58P1,10,2
KV59P1,10,2
KV61P1,10,2
KV61P2,10,2
KV61P5,10,2
KV62P1,10,2
KV62P2,10,2
KV62P3,10,2
KV63P1,10,2
KV63P2,10,2
KV64P1,10,2
KV65P1,10,2
KV66P1,10,2
KV66P2,10,2
KV67P1,10,2
KV68L1,10,2
KV69P1,10,2
KV70P1,10,2
KV70P2,10,2
KV71P1,10,2
KV71P2,10,2
KV72P1,10,2
KV73P1,10,2
KV73P2,10,2
KV73P5,10,2
KV74P1,10,2
KV75P1,10,2
KV75P2,10,2
KV76P1,10,2
KV77P1,10,2
KV78P1,10,2
KV78P2,10,2
KV79P1,10,2
KV80P1,10,2
KV80P2,10,2
KV81P1,10,2
KV81P2,10,2
KV82P1,10,2
KV83P1,10,2
KV83P2,10,2
KV84P1,10,2
KV01P1,11,2
KV01P2,11,2
KV02P1,11,2
KV02P2,11,2
KV03P1,11,2
KV04P1,11,2
KV04P2,11,2
KV05P1,11,2
KV06P1,11,2
KV07P1,11,2
KV08P1,11,2
KV09P1,11,2
KV10P1,11,2
KV11P1,11,2
KV11P2,11,2
KV12P1,11,2
KV13P1,11,2
KV13P2,11,2
KV14P1,11,2
KV15P1,11,2
KV16P1,11,2
KV17P1,11,2
KV17P2,11,2
KV17P3,11,2
KV18P1,11,2
KV18P2,11,2
KV19P1,11,2
KV20P1,11,2
KV21P1,11,2
KV21P2,11,2
KV22P1,11,2
KV23P1,11,2
KV24P1,11,2
KV24P2,11,2
KV25P1,11,2
KV26P1,11,2
KV27P1,11,2
KV28P1,11,2
KV28P2,11,2
KV29P1,11,2
KV30P1,11,2
KV30P2,11,2
KV31P1,11,2
KV31P2,11,2
KV32P1,11,2
KV32P2,11,2
KV33P1,11,2
KV33P2,11,2
KV34P1,11,2
KV35P1,11,2
KV36P1,11,2
KV37P1,11,2
KV38P1,11,2
KV38P2,11,2
KV39P1,11,2
KV40P1,11,2
KV40P2,11,2
KV41P1,11,2
KV42P1,11,2
KV43P1,11,2
KV43P2,11,2
KV44P1,11,2
KV44P2,11,2
KV45P1,11,2
KV45P2,11,2
KV46P1,11,2
KV47P1,11,2
KV48P1,11,2
KV49P1,11,2
KV49P2,11,2
KV50P1,11,2
KV50P2,11,2
KV51P1,11,2
KV52P1,11,2
KV53P1,11,2
KV54P2,11,2
KV55P1,11,2
KV56L1,11,2
KV57P1,11,2
KV57P2,11,2
KV58P1,11,2
KV59P1,11,2
KV61P1,11,2
KV61P2,11,2
KV61P5,11,2
KV62P1,11,2
KV62P2,11,2
KV62P3,11,2
KV63P1,11,2
KV63P2,11,2
KV64P1,11,2
KV65P1,11,2
KV66P1,11,2
KV66P2,11,2
KV67P1,11,2
KV68L1,11,2
KV69P1,11,2
KV70P1,11,2
KV70P2,11,2
KV71P1,11,2
KV71P2,11,2
KV72P1,11,2
KV73P1,11,2
KV73P2,11,2
KV73P5,11,2
KV74P1,11,2
KV75P1,11,2
KV75P2,11,2
KV76P1,11,2
KV77P1,11,2
KV78P1,11,2
KV78P2,11,2
KV79P1,11,2
KV80P1,11,2
KV80P2,11,2
KV81P1,11,2
KV81P2,11,2
KV82P1,11,2
KV83P1,11,2
KV83P2,11,2
KV84P1,11,2
KV01P1,12,2
KV01P2,12,2
KV02P1,12,2
KV02P2,12,2
KV03P1,12,2
KV04P1,12,2
KV04P2,12,2
KV05P1,12,2
KV06P1,12,2
KV07P1,12,2
KV08P1,12,2
KV09P1,12,2
KV10P1,12,2
KV11P1,12,2
KV11P2,12,2
KV12P1,12,2
KV13P1,12,2
KV13P2,12,2
KV14P1,12,2
KV15P1,12,2
KV16P1,12,2
KV17P1,12,2
KV17P2,12,2
KV17P3,12,2
KV18P1,12,2
KV18P2,12,2
KV19P1,12,2
KV20P1,12,2
KV21P1,12,2
KV21P2,12,2
KV22P1,12,2
KV23P1,12,2
KV24P1,12,2
KV24P2,12,2
KV25P1,12,2
KV26P1,12,2
KV27P1,12,2
KV28P1,12,2
KV28P2,12,2
KV29P1,12,2
KV30P1,12,2
KV30P2,12,2
KV31P1,12,2
KV31P2,12,2
KV32P1,12,2
KV32P2,12,2
KV33P1,12,2
KV33P2,12,2
KV34P1,12,2
KV35P1,12,2
KV36P1,12,2
KV37P1,12,2
KV38P1,12,2
KV38P2,12,2
KV39P1,12,2
KV40P1,12,2
KV40P2,12,2
KV41P1,12,2
KV42P1,12,2
KV43P1,12,2
KV43P2,12,2
KV44P1,12,2
KV44P2,12,2
KV45P1,12,2
KV45P2,12,2
KV46P1,12,2
KV47P1,12,2
KV48P1,12,2
KV49P1,12,2
KV49P2,12,2
KV50P1,12,2
KV50P2,12,2
KV51P1,12,2
KV52P1,12,2
KV53P1,12,2
KV54P2,12,2
KV55P1,12,2
KV56L1,12,2
KV57P1,12,2
KV57P2,12,2
KV58P1,12,2
KV59P1,12,2
KV61P1,12,2
KV61P2,12,2
KV61P5,12,2
KV62P1,12,2
KV62P2,12,2
KV62P3,12,2
KV63P1,12,2
KV63P2,12,2
KV64P1,12,2
KV65P1,12,2
KV66P1,12,2
KV66P2,12,2
KV67P1,12,2
KV68L1,12,2
KV69P1,12,2
KV70P1,12,2
KV70P2,12,2
KV71P1,12,2
KV71P2,12,2
KV72P1,12,2
KV73P1,12,2
KV73P2,12,2
KV73P5,12,2
KV74P1,12,2
KV75P1,12,2
KV75P2,12,2
KV76P1,12,2
KV77P1,12,2
KV78P1,12,2
KV78P2,12,2
KV79P1,12,2
KV80P1,12,2
KV80P2,12,2
KV81P1,12,2
KV81P2,12,2
KV82P1,12,2
KV83P1,12,2
KV83P2,12,2
KV84P1,12,2
KV01P1,13,2
KV01P2,13,2
KV02P1,13,2
KV02P2,13,2
KV03P1,13,2
KV04P1,13,2
KV04P2,13,2
KV05P1,13,2
KV06P1,13,2
KV07P1,13,2
KV08P1,13,2
KV09P1,13,2
KV10P1,13,2
KV11P1,13,2
KV11P2,13,2
KV12P1,13,2
KV13P1,13,2
KV13P2,13,2
KV14P1,13,2
KV15P1,13,2
KV16P1,13,2
KV17P1,13,2
KV17P2,13,2
KV17P3,13,2
KV18P1,13,2
KV18P2,13,2
KV19P1,13,2
KV20P1,13,2
KV21P1,13,2
KV21P2,13,2
KV22P1,13,2
KV23P1,13,2
KV24P1,13,2
KV24P2,13,2
KV25P1,13,2
KV26P1,13,2
KV27P1,13,2
KV28P1,13,2
KV28P2,13,2
KV29P1,13,2
KV30P1,13,2
KV30P2,13,2
KV31P1,13,2
KV31P2,13,2
KV32P1,13,2
KV32P2,13,2
KV33P1,13,2
KV33P2,13,2
KV34P1,13,2
KV35P1,13,2
KV36P1,13,2
KV37P1,13,2
KV38P1,13,2
KV38P2,13,2
KV39P1,13,2
KV40P1,13,2
KV40P2,13,2
KV41P1,13,2
KV42P1,13,2
KV43P1,13,2
KV43P2,13,2
KV44P1,13,2
KV44P2,13,2
KV45P1,13,2
KV45P2,13,2
KV46P1,13,2
KV47P1,13,2
KV48P1,13,2
KV49P1,13,2
KV49P2,13,2
KV50P1,13,2
KV50P2,13,2
KV51P1,13,2
KV52P1,13,2
KV53P1,13,2
KV54P2,13,2
KV55P1,13,2
KV56L1,13,2
KV57P1,13,2
KV57P2,13,2
KV58P1,13,2
KV59P1,13,2
KV61P1,13,2
KV61P2,13,2
KV61P5,13,2
KV62P1,13,2
KV62P2,13,2
KV62P3,13,2
KV63P1,13,2
KV63P2,13,2
KV64P1,13,2
KV65P1,13,2
KV66P1,13,2
KV66P2,13,2
KV67P1,13,2
KV68L1,13,2
KV69P1,13,2
KV70P1,13,2
KV70P2,13,2
KV71P1,13,2
KV71P2,13,2
KV72P1,13,2
KV73P1,13,2
KV73P2,13,2
KV73P5,13,2
KV74P1,13,2
KV75P1,13,2
KV75P2,13,2
KV76P1,13,2
KV77P1,13,2
KV78P1,13,2
KV78P2,13,2
KV79P1,13,2
KV80P1,13,2
KV80P2,13,2
KV81P1,13,2
KV81P2,13,2
KV82P1,13,2
KV83P1,13,2
KV83P2,13,2
KV84P1,13,2
KV01P1,14,2
KV01P2,14,2
KV02P1,14,2
KV02P2,14,2
KV03P1,14,2
KV04P1,14,2
KV04P2,14,2
KV05P1,14,2
KV06P1,14,2
KV07P1,14,2
KV08P1,14,2
KV09P1,14,2
KV10P1,14,2
KV11P1,14,2
KV11P2,14,2
KV12P1,14,2
KV13P1,14,2
KV13P2,14,2
KV14P1,14,2
KV15P1,14,2
KV16P1,14,2
KV17P1,14,2
KV17P2,14,2
KV17P3,14,2
KV18P1,14,2
KV18P2,14,2
KV19P1,14,2
KV20P1,14,2
KV21P1,14,2
KV21P2,14,2
KV22P1,14,2
KV23P1,14,2
KV24P1,14,2
KV24P2,14,2
KV25P1,14,2
KV26P1,14,2
KV27P1,14,2
KV28P1,14,2
KV28P2,14,2
KV29P1,14,2
KV30P1,14,2
KV30P2,14,2
KV31P1,14,2
KV31P2,14,2
KV32P1,14,2
KV32P2,14,2
KV33P1,14,2
KV33P2,14,2
KV34P1,14,2
KV35P1,14,2
KV36P1,14,2
KV37P1,14,2
KV38P1,14,2
KV38P2,14,2
KV39P1,14,2
KV40P1,14,2
KV40P2,14,2
KV41P1,14,2
KV42P1,14,2
KV43P1,14,2
KV43P2,14,2
KV44P1,14,2
KV44P2,14,2
KV45P1,14,2
KV45P2,14,2
KV46P1,14,2
KV47P1,14,2
KV48P1,14,2
KV49P1,14,2
KV49P2,14,2
KV50P1,14,2
KV50P2,14,2
KV51P1,14,2
KV52P1,14,2
KV53P1,14,2
KV54P2,14,2
KV55P1,14,2
KV56L1,14,2
KV57P1,14,2
KV57P2,14,2
KV58P1,14,2
KV59P1,14,2
KV61P1,14,2
KV61P2,14,2
KV61P5,14,2
KV62P1,14,2
KV62P2,14,2
KV62P3,14,2
KV63P1,14,2
KV63P2,14,2
KV64P1,14,2
KV65P1,14,2
KV66P1,14,2
KV66P2,14,2
KV67P1,14,2
KV68L1,14,2
KV69P1,14,2
KV70P1,14,2
KV70P2,14,2
KV71P1,14,2
KV71P2,14,2
KV72P1,14,2
KV73P1,14,2
KV73P2,14,2
KV73P5,14,2
KV74P1,14,2
KV75P1,14,2
KV75P2,14,2
KV76P1,14,2
KV77P1,14,2
KV78P1,14,2
KV78P2,14,2
KV79P1,14,2
KV80P1,14,2
KV80P2,14,2
KV81P1,14,2
KV81P2,14,2
KV82P1,14,2
KV83P1,14,2
KV83P2,14,2
KV84P1,14,2
KV01P1,15,2
KV01P2,15,2
KV02P1,15,2
KV02P2,15,2
KV03P1,15,2
KV04P1,15,2
KV04P2,15,2
KV05P1,15,2
KV06P1,15,2
KV07P1,15,2
KV08P1,15,2
KV09P1,15,2
KV10P1,15,2
KV11P1,15,2
KV11P2,15,2
KV12P1,15,2
KV13P1,15,2
KV13P2,15,2
KV14P1,15,2
KV15P1,15,2
KV16P1,15,2
KV17P1,15,2
KV17P2,15,2
KV17P3,15,2
KV18P1,15,2
KV18P2,15,2
KV19P1,15,2
KV20P1,15,2
KV21P1,15,2
KV21P2,15,2
KV22P1,15,2
KV23P1,15,2
KV24P1,15,2
KV24P2,15,2
KV25P1,15,2
KV26P1,15,2
KV27P1,15,2
KV28P1,15,2
KV28P2,15,2
KV29P1,15,2
KV30P1,15,2
KV30P2,15,2
KV31P1,15,2
KV31P2,15,2
KV32P1,15,2
KV32P2,15,2
KV33P1,15,2
KV33P2,15,2
KV34P1,15,2
KV35P1,15,2
KV36P1,15,2
KV37P1,15,2
KV38P1,15,2
KV38P2,15,2
KV39P1,15,2
KV40P1,15,2
KV40P2,15,2
KV41P1,15,2
KV42P1,15,2
KV43P1,15,2
KV43P2,15,2
KV44P1,15,2
KV44P2,15,2
KV45P1,15,2
KV45P2,15,2
KV46P1,15,2
KV47P1,15,2
KV48P1,15,2
KV49P1,15,2
KV49P2,15,2
KV50P1,15,2
KV50P2,15,2
KV51P1,15,2
KV52P1,15,2
KV53P1,15,2
KV54P2,15,2
KV55P1,15,2
KV56L1,15,2
KV57P1,15,2
KV57P2,15,2
KV58P1,15,2
KV59P1,15,2
KV61P1,15,2
KV61P2,15,2
KV61P5,15,2
KV62P1,15,2
KV62P2,15,2
KV62P3,15,2
KV63P1,15,2
KV63P2,15,2
KV64P1,15,2
KV65P1,15,2
KV66P1,15,2
KV66P2,15,2
KV67P1,15,2
KV68L1,15,2
KV69P1,15,2
KV70P1,15,2
KV70P2,15,2
KV71P1,15,2
KV71P2,15,2
KV72P1,15,2
KV73P1,15,2
KV73P2,15,2
KV73P5,15,2
KV74P1,15,2
KV75P1,15,2
KV75P2,15,2
KV76P1,15,2
KV77P1,15,2
KV78P1,15,2
KV78P2,15,2
KV79P1,15,2
KV80P1,15,2
KV80P2,15,2
KV81P1,15,2
KV81P2,15,2
KV82P1,15,2
KV83P1,15,2
KV83P2,15,2
KV84P1,15,2
KV01P1,16,2
KV01P2,16,2
KV02P1,16,2
KV02P2,16,2
KV03P1,16,2
KV04P1,16,2
KV04P2,16,2
KV05P1,16,2
KV06P1,16,2
KV07P1,16,2
KV08P1,16,2
KV09P1,16,2
KV10P1,16,2
KV11P1,16,2
KV11P2,16,2
KV12P1,16,2
KV13P1,16,2
KV13P2,16,2
KV14P1,16,2
KV15P1,16,2
KV16P1,16,2
KV17P1,16,2
KV17P2,16,2
KV17P3,16,2
KV18P1,16,2
KV18P2,16,2
KV19P1,16,2
KV20P1,16,2
KV21P1,16,2
KV21P2,16,2
KV22P1,16,2
KV23P1,16,2
KV24P1,16,2
KV24P2,16,2
KV25P1,16,2
KV26P1,16,2
KV27P1,16,2
KV28P1,16,2
KV28P2,16,2
KV29P1,16,2
KV30P1,16,2
KV30P2,16,2
KV31P1,16,2
KV31P2,16,2
KV32P1,16,2
KV32P2,16,2
KV33P1,16,2
KV33P2,16,2
KV34P1,16,2
KV35P1,16,2
KV36P1,16,2
KV37P1,16,2
KV38P1,16,2
KV38P2,16,2
KV39P1,16,2
KV40P1,16,2
KV40P2,16,2
KV41P1,16,2
KV42P1,16,2
KV43P1,16,2
KV43P2,16,2
KV44P1,16,2
KV44P2,16,2
KV45P1,16,2
KV45P2,16,2
KV46P1,16,2
KV47P1,16,2
KV48P1,16,2
KV49P1,16,2
KV49P2,16,2
KV50P1,16,2
KV50P2,16,2
KV51P1,16,2
KV52P1,16,2
KV53P1,16,2
KV54P2,16,2
KV55P1,16,2
KV56L1,16,2
KV57P1,16,2
KV57P2,16,2
KV58P1,16,2
KV59P1,16,2
KV61P1,16,2
KV61P2,16,2
KV61P5,16,2
KV62P1,16,2
KV62P2,16,2
KV62P3,16,2
KV63P1,16,2
KV63P2,16,2
KV64P1,16,2
KV65P1,16,2
KV66P1,16,2
KV66P2,16,2
KV67P1,16,2
KV68L1,16,2
KV69P1,16,2
KV70P1,16,2
KV70P2,16,2
KV71P1,16,2
KV71P2,16,2
KV72P1,16,2
KV73P1,16,2
KV73P2,16,2
KV73P5,16,2
KV74P1,16,2
KV75P1,16,2
KV75P2,16,2
KV76P1,16,2
KV77P1,16,2
KV78P1,16,2
KV78P2,16,2
KV79P1,16,2
KV80P1,16,2
KV80P2,16,2
KV81P1,16,2
KV81P2,16,2
KV82P1,16,2
KV83P1,16,2
KV83P2,16,2
KV84P1,16,2
KV01P1,17,2
KV01P2,17,2
KV02P1,17,2
KV02P2,17,2
KV03P1,17,2
KV04P1,17,2
KV04P2,17,2
KV05P1,17,2
KV06P1,17,2
KV07P1,17,2
KV08P1,17,2
KV09P1,17,2
KV10P1,17,2
KV11P1,17,2
KV11P2,17,2
KV12P1,17,2
KV13P1,17,2
KV13P2,17,2
KV14P1,17,2
KV15P1,17,2
KV16P1,17,2
KV17P1,17,2
KV17P2,17,2
KV17P3,17,2
KV18P1,17,2
KV18P2,17,2
KV19P1,17,2
KV20P1,17,2
KV21P1,17,2
KV21P2,17,2
KV22P1,17,2
KV23P1,17,2
KV24P1,17,2
KV24P2,17,2
KV25P1,17,2
KV26P1,17,2
KV27P1,17,2
KV28P1,17,2
KV28P2,17,2
KV29P1,17,2
KV30P1,17,2
KV30P2,17,2
KV31P1,17,2
KV31P2,17,2
KV32P1,17,2
KV32P2,17,2
KV33P1,17,2
KV33P2,17,2
KV34P1,17,2
KV35P1,17,2
KV36P1,17,2
KV37P1,17,2
KV38P1,17,2
KV38P2,17,2
KV39P1,17,2
KV40P1,17,2
KV40P2,17,2
KV41P1,17,2
KV42P1,17,2
KV43P1,17,2
KV43P2,17,2
KV44P1,17,2
KV44P2,17,2
KV45P1,17,2
KV45P2,17,2
KV46P1,17,2
KV47P1,17,2
KV48P1,17,2
KV49P1,17,2
KV49P2,17,2
KV50P1,17,2
KV50P2,17,2
KV51P1,17,2
KV52P1,17,2
KV53P1,17,2
KV54P2,17,2
KV55P1,17,2
KV56L1,17,2
KV57P1,17,2
KV57P2,17,2
KV58P1,17,2
KV59P1,17,2
KV61P1,17,2
KV61P2,17,2
KV61P5,17,2
KV62P1,17,2
KV62P2,17,2
KV62P3,17,2
KV63P1,17,2
KV63P2,17,2
KV64P1,17,2
KV65P1,17,2
KV66P1,17,2
KV66P2,17,2
KV67P1,17,2
KV68L1,17,2
KV69P1,17,2
KV70P1,17,2
KV70P2,17,2
KV71P1,17,2
KV71P2,17,2
KV72P1,17,2
KV73P1,17,2
KV73P2,17,2
KV73P5,17,2
KV74P1,17,2
KV75P1,17,2
KV75P2,17,2
KV76P1,17,2
KV77P1,17,2
KV78P1,17,2
KV78P2,17,2
KV79P1,17,2
KV80P1,17,2
KV80P2,17,2
KV81P1,17,2
KV81P2,17,2
KV82P1,17,2
KV83P1,17,2
KV83P2,17,2
KV84P1,17,2
KV01P1,18,2
KV01P2,18,2
KV02P1,18,2
KV02P2,18,2
KV03P1,18,2
KV04P1,18,2
KV04P2,18,2
KV05P1,18,2
KV06P1,18,2
KV07P1,18,2
KV08P1,18,2
KV09P1,18,2
KV10P1,18,2
KV11P1,18,2
KV11P2,18,2
KV12P1,18,2
KV13P1,18,2
KV13P2,18,2
KV14P1,18,2
KV15P1,18,2
KV16P1,18,2
KV17P1,18,2
KV17P2,18,2
KV17P3,18,2
KV18P1,18,2
KV18P2,18,2
KV19P1,18,2
KV20P1,18,2
KV21P1,18,2
KV21P2,18,2
KV22P1,18,2
KV23P1,18,2
KV24P1,18,2
KV24P2,18,2
KV25P1,18,2
KV26P1,18,2
KV27P1,18,2
KV28P1,18,2
KV28P2,18,2
KV29P1,18,2
KV30P1,18,2
KV30P2,18,2
KV31P1,18,2
KV31P2,18,2
KV32P1,18,2
KV32P2,18,2
KV33P1,18,2
KV33P2,18,2
KV34P1,18,2
KV35P1,18,2
KV36P1,18,2
KV37P1,18,2
KV38P1,18,2
KV38P2,18,2
KV39P1,18,2
KV40P1,18,2
KV40P2,18,2
KV41P1,18,2
KV42P1,18,2
KV43P1,18,2
KV43P2,18,2
KV44P1,18,2
KV44P2,18,2
KV45P1,18,2
KV45P2,18,2
KV46P1,18,2
KV47P1,18,2
KV48P1,18,2
KV49P1,18,2
KV49P2,18,2
KV50P1,18,2
KV50P2,18,2
KV51P1,18,2
KV52P1,18,2
KV53P1,18,2
KV54P2,18,2
KV55P1,18,2
KV56L1,18,2
KV57P1,18,2
KV57P2,18,2
KV58P1,18,2
KV59P1,18,2
KV61P1,18,2
KV61P2,18,2
KV61P5,18,2
KV62P1,18,2
KV62P2,18,2
KV62P3,18,2
KV63P1,18,2
KV63P2,18,2
KV64P1,18,2
KV65P1,18,2
KV66P1,18,2
KV66P2,18,2
KV67P1,18,2
KV68L1,18,2
KV69P1,18,2
KV70P1,18,2
KV70P2,18,2
KV71P1,18,2
KV71P2,18,2
KV72P1,18,2
KV73P1,18,2
KV73P2,18,2
KV73P5,18,2
KV74P1,18,2
KV75P1,18,2
KV75P2,18,2
KV76P1,18,2
KV77P1,18,2
KV78P1,18,2
KV78P2,18,2
KV79P1,18,2
KV80P1,18,2
KV80P2,18,2
KV81P1,18,2
KV81P2,18,2
KV82P1,18,2
KV83P1,18,2
KV83P2,18,2
KV84P1,18,2
KV01P1,19,2
KV01P2,19,2
KV02P1,19,2
KV02P2,19,2
KV03P1,19,2
KV04P1,19,2
KV04P2,19,2
KV05P1,19,2
KV06P1,19,2
KV07P1,19,2
KV08P1,19,2
KV09P1,19,2
KV10P1,19,2
KV11P1,19,2
KV11P2,19,2
KV12P1,19,2
KV13P1,19,2
KV13P2,19,2
KV14P1,19,2
KV15P1,19,2
KV16P1,19,2
KV17P1,19,2
KV17P2,19,2
KV17P3,19,2
KV18P1,19,2
KV18P2,19,2
KV19P1,19,2
KV20P1,19,2
KV21P1,19,2
KV21P2,19,2
KV22P1,19,2
KV23P1,19,2
KV24P1,19,2
KV24P2,19,2
KV25P1,19,2
KV26P1,19,2
KV27P1,19,2
KV28P1,19,2
KV28P2,19,2
KV29P1,19,2
KV30P1,19,2
KV30P2,19,2
KV31P1,19,2
KV31P2,19,2
KV32P1,19,2
KV32P2,19,2
KV33P1,19,2
KV33P2,19,2
KV34P1,19,2
KV35P1,19,2
KV36P1,19,2
KV37P1,19,2
KV38P1,19,2
KV38P2,19,2
KV39P1,19,2
KV40P1,19,2
KV40P2,19,2
KV41P1,19,2
KV42P1,19,2
KV43P1,19,2
KV43P2,19,2
KV44P1,19,2
KV44P2,19,2
KV45P1,19,2
KV45P2,19,2
KV46P1,19,2
KV47P1,19,2
KV48P1,19,2
KV49P1,19,2
KV49P2,19,2
KV50P1,19,2
KV50P2,19,2
KV51P1,19,2
KV52P1,19,2
KV53P1,19,2
KV54P2,19,2
KV55P1,19,2
KV56L1,19,2
KV57P1,19,2
KV57P2,19,2
KV58P1,19,2
KV59P1,19,2
KV61P1,19,2
KV61P2,19,2
KV61P5,19,2
KV62P1,19,2
KV62P2,19,2
KV62P3,19,2
KV63P1,19,2
KV63P2,19,2
KV64P1,19,2
KV65P1,19,2
KV66P1,19,2
KV66P2,19,2
KV67P1,19,2
KV68L1,19,2
KV69P1,19,2
KV70P1,19,2
KV70P2,19,2
KV71P1,19,2
KV71P2,19,2
KV72P1,19,2
KV73P1,19,2
KV73P2,19,2
KV73P5,19,2
KV74P1,19,2
KV75P1,19,2
KV75P2,19,2
KV76P1,19,2
KV77P1,19,2
KV78P1,19,2
KV78P2,19,2
KV79P1,19,2
KV80P1,19,2
KV80P2,19,2
KV81P1,19,2
KV81P2,19,2
KV82P1,19,2
KV83P1,19,2
KV83P2,19,2
KV84P1,19,2
KV01P1,20,2
KV01P2,20,2
KV02P1,20,2
KV02P2,20,2
KV03P1,20,2
KV04P1,20,2
KV04P2,20,2
KV05P1,20,2
KV06P1,20,2
KV07P1,20,2
KV08P1,20,2
KV09P1,20,2
KV10P1,20,2
KV11P1,20,2
KV11P2,20,2
KV12P1,20,2
KV13P1,20,2
KV13P2,20,2
KV14P1,20,2
KV15P1,20,2
KV16P1,20,2
KV17P1,20,2
KV17P2,20,2
KV17P3,20,2
KV18P1,20,2
KV18P2,20,2
KV19P1,20,2
KV20P1,20,2
KV21P1,20,2
KV21P2,20,2
KV22P1,20,2
KV23P1,20,2
KV24P1,20,2
KV24P2,20,2
KV25P1,20,2
KV26P1,20,2
KV27P1,20,2
KV28P1,20,2
KV28P2,20,2
KV29P1,20,2
KV30P1,20,2
KV30P2,20,2
KV31P1,20,2
KV31P2,20,2
KV32P1,20,2
KV32P2,20,2
KV33P1,20,2
KV33P2,20,2
KV34P1,20,2
KV35P1,20,2
KV36P1,20,2
KV37P1,20,2
KV38P1,20,2
KV38P2,20,2
KV39P1,20,2
KV40P1,20,2
KV40P2,20,2
KV41P1,20,2
KV42P1,20,2
KV43P1,20,2
KV43P2,20,2
KV44P1,20,2
KV44P2,20,2
KV45P1,20,2
KV45P2,20,2
KV46P1,20,2
KV47P1,20,2
KV48P1,20,2
KV49P1,20,2
KV49P2,20,2
KV50P1,20,2
KV50P2,20,2
KV51P1,20,2
KV52P1,20,2
KV53P1,20,2
KV54P2,20,2
KV55P1,20,2
KV56L1,20,2
KV57P1,20,2
KV57P2,20,2
KV58P1,20,2
KV59P1,20,2
KV61P1,20,2
KV61P2,20,2
KV61P5,20,2
KV62P1,20,2
KV62P2,20,2
KV62P3,20,2
KV63P1,20,2
KV63P2,20,2
KV64P1,20,2
KV65P1,20,2
KV66P1,20,2
KV66P2,20,2
KV67P1,20,2
KV68L1,20,2
KV69P1,20,2
KV70P1,20,2
KV70P2,20,2
KV71P1,20,2
KV71P2,20,2
KV72P1,20,2
KV73P1,20,2
KV73P2,20,2
KV73P5,20,2
KV74P1,20,2
KV75P1,20,2
KV75P2,20,2
KV76P1,20,2
KV77P1,20,2
KV78P1,20,2
KV78P2,20,2
KV79P1,20,2
KV80P1,20,2
KV80P2,20,2
KV81P1,20,2
KV81P2,20,2
KV82P1,20,2
KV83P1,20,2
KV83P2,20,2
KV84P1,20,2
KV01P1,21,2
KV01P2,21,2
KV02P1,21,2
KV02P2,21,2
KV03P1,21,2
KV04P1,21,2
KV04P2,21,2
KV05P1,21,2
KV06P1,21,2
KV07P1,21,2
KV08P1,21,2
KV09P1,21,2
KV10P1,21,2
KV11P1,21,2
KV11P2,21,2
KV12P1,21,2
KV13P1,21,2
KV13P2,21,2
KV14P1,21,2
KV15P1,21,2
KV16P1,21,2
KV17P1,21,2
KV17P2,21,2
KV17P3,21,2
KV18P1,21,2
KV18P2,21,2
KV19P1,21,2
KV20P1,21,2
KV21P1,21,2
KV21P2,21,2
KV22P1,21,2
KV23P1,21,2
KV24P1,21,2
KV24P2,21,2
KV25P1,21,2
KV26P1,21,2
KV27P1,21,2
KV28P1,21,2
KV28P2,21,2
KV29P1,21,2
KV30P1,21,2
KV30P2,21,2
KV31P1,21,2
KV31P2,21,2
KV32P1,21,2
KV32P2,21,2
KV33P1,21,2
KV33P2,21,2
KV34P1,21,2
KV35P1,21,2
KV36P1,21,2
KV37P1,21,2
KV38P1,21,2
KV38P2,21,2
KV39P1,21,2
KV40P1,21,2
KV40P2,21,2
KV41P1,21,2
KV42P1,21,2
KV43P1,21,2
KV43P2,21,2
KV44P1,21,2
KV44P2,21,2
KV45P1,21,2
KV45P2,21,2
KV46P1,21,2
KV47P1,21,2
KV48P1,21,2
KV49P1,21,2
KV49P2,21,2
KV50P1,21,2
KV50P2,21,2
KV51P1,21,2
KV52P1,21,2
KV53P1,21,2
KV54P2,21,2
KV55P1,21,2
KV56L1,21,2
KV57P1,21,2
KV57P2,21,2
KV58P1,21,2
KV59P1,21,2
KV61P1,21,2
KV61P2,21,2
KV61P5,21,2
KV62P1,21,2
KV62P2,21,2
KV62P3,21,2
KV63P1,21,2
KV63P2,21,2
KV64P1,21,2
KV65P1,21,2
KV66P1,21,2
KV66P2,21,2
KV67P1,21,2
KV68L1,21,2
KV69P1,21,2
KV70P1,21,2
KV70P2,21,2
KV71P1,21,2
KV71P2,21,2
KV72P1,21,2
KV73P1,21,2
KV73P2,21,2
KV73P5,21,2
KV74P1,21,2
KV75P1,21,2
KV75P2,21,2
KV76P1,21,2
KV77P1,21,2
KV78P1,21,2
KV78P2,21,2
KV79P1,21,2
KV80P1,21,2
KV80P2,21,2
KV81P1,21,2
KV81P2,21,2
KV82P1,21,2
KV83P1,21,2
KV83P2,21,2
KV84P1,21,2
KV01P1,22,2
KV01P2,22,2
KV02P1,22,2
KV02P2,22,2
KV03P1,22,2
KV04P1,22,2
KV04P2,22,2
KV05P1,22,2
KV06P1,22,2
KV07P1,22,2
KV08P1,22,2
KV09P1,22,2
KV10P1,22,2
KV11P1,22,2
KV11P2,22,2
KV12P1,22,2
KV13P1,22,2
KV13P2,22,2
KV14P1,22,2
KV15P1,22,2
KV16P1,22,2
KV17P1,22,2
KV17P2,22,2
KV17P3,22,2
KV18P1,22,2
KV18P2,22,2
KV19P1,22,2
KV20P1,22,2
KV21P1,22,2
KV21P2,22,2
KV22P1,22,2
KV23P1,22,2
KV24P1,22,2
KV24P2,22,2
KV25P1,22,2
KV26P1,22,2
KV27P1,22,2
KV28P1,22,2
KV28P2,22,2
KV29P1,22,2
KV30P1,22,2
KV30P2,22,2
KV31P1,22,2
KV31P2,22,2
KV32P1,22,2
KV32P2,22,2
KV33P1,22,2
KV33P2,22,2
KV34P1,22,2
KV35P1,22,2
KV36P1,22,2
KV37P1,22,2
KV38P1,22,2
KV38P2,22,2
KV39P1,22,2
KV40P1,22,2
KV40P2,22,2
KV41P1,22,2
KV42P1,22,2
KV43P1,22,2
KV43P2,22,2
KV44P1,22,2
KV44P2,22,2
KV45P1,22,2
KV45P2,22,2
KV46P1,22,2
KV47P1,22,2
KV48P1,22,2
KV49P1,22,2
KV49P2,22,2
KV50P1,22,2
KV50P2,22,2
KV51P1,22,2
KV52P1,22,2
KV53P1,22,2
KV54P2,22,2
KV55P1,22,2
KV56L1,22,2
KV57P1,22,2
KV57P2,22,2
KV58P1,22,2
KV59P1,22,2
KV61P1,22,2
KV61P2,22,2
KV61P5,22,2
KV62P1,22,2
KV62P2,22,2
KV62P3,22,2
KV63P1,22,2
KV63P2,22,2
KV64P1,22,2
KV65P1,22,2
KV66P1,22,2
KV66P2,22,2
KV67P1,22,2
KV68L1,22,2
KV69P1,22,2
KV70P1,22,2
KV70P2,22,2
KV71P1,22,2
KV71P2,22,2
KV72P1,22,2
KV73P1,22,2
KV73P2,22,2
KV73P5,22,2
KV74P1,22,2
KV75P1,22,2
KV75P2,22,2
KV76P1,22,2
KV77P1,22,2
KV78P1,22,2
KV78P2,22,2
KV79P1,22,2
KV80P1,22,2
KV80P2,22,2
KV81P1,22,2
KV81P2,22,2
KV82P1,22,2
KV83P1,22,2
KV83P2,22,2
KV84P1,22,2
KV01P1,23,2
KV01P2,23,2
KV02P1,23,2
KV02P2,23,2
KV03P1,23,2
KV04P1,23,2
KV04P2,23,2
KV05P1,23,2
KV06P1,23,2
KV07P1,23,2
KV08P1,23,2
KV09P1,23,2
KV10P1,23,2
KV11P1,23,2
KV11P2,23,2
KV12P1,23,2
KV13P1,23,2
KV13P2,23,2
KV14P1,23,2
KV15P1,23,2
KV16P1,23,2
KV17P1,23,2
KV17P2,23,2
KV17P3,23,2
KV18P1,23,2
KV18P2,23,2
KV19P1,23,2
KV20P1,23,2
KV21P1,23,2
KV21P2,23,2
KV22P1,23,2
KV23P1,23,2
KV24P1,23,2
KV24P2,23,2
KV25P1,23,2
KV26P1,23,2
KV27P1,23,2
KV28P1,23,2
KV28P2,23,2
KV29P1,23,2
KV30P1,23,2
KV30P2,23,2
KV31P1,23,2
KV31P2,23,2
KV32P1,23,2
KV32P2,23,2
KV33P1,23,2
KV33P2,23,2
KV34P1,23,2
KV35P1,23,2
KV36P1,23,2
KV37P1,23,2
KV38P1,23,2
KV38P2,23,2
KV39P1,23,2
KV40P1,23,2
KV40P2,23,2
KV41P1,23,2
KV42P1,23,2
KV43P1,23,2
KV43P2,23,2
KV44P1,23,2
KV44P2,23,2
KV45P1,23,2
KV45P2,23,2
KV46P1,23,2
KV47P1,23,2
KV48P1,23,2
KV49P1,23,2
KV49P2,23,2
KV50P1,23,2
KV50P2,23,2
KV51P1,23,2
KV52P1,23,2
KV53P1,23,2
KV54P2,23,2
KV55P1,23,2
KV56L1,23,2
KV57P1,23,2
KV57P2,23,2
KV58P1,23,2
KV59P1,23,2
KV61P1,23,2
KV61P2,23,2
KV61P5,23,2
KV62P1,23,2
KV62P2,23,2
KV62P3,23,2
KV63P1,23,2
KV63P2,23,2
KV64P1,23,2
KV65P1,23,2
KV66P1,23,2
KV66P2,23,2
KV67P1,23,2
KV68L1,23,2
KV69P1,23,2
KV70P1,23,2
KV70P2,23,2
KV71P1,23,2
KV71P2,23,2
KV72P1,23,2
KV73P1,23,2
KV73P2,23,2
KV73P5,23,2
KV74P1,23,2
KV75P1,23,2
KV75P2,23,2
KV76P1,23,2
KV77P1,23,2
KV78P1,23,2
KV78P2,23,2
KV79P1,23,2
KV80P1,23,2
KV80P2,23,2
KV81P1,23,2
KV81P2,23,2
KV82P1,23,2
KV83P1,23,2
KV83P2,23,2
KV84P1,23,2
A1P1,0,1
A1P1,1,1
A1P1,2,1
A1P1,3,1
A1P1,4,1
A1P1,5,1
A1P1,6,1
A1P1,7,1
A1P1,8,1
A1P1,9,1
A1P1,10,1
A1P1,11,1
A1P1,12,1
A1P1,13,1
A1P1,14,1
A1P1,15,1
A1P1,16,1
A1P1,17,1
A1P1,18,1
A1P1,19,1
A1P1,20,1
A1P1,21,1
A1P1,22,1
A1P1,23,1
A1P2,0,1
A1P2,1,1
A1P2,2,1
A1P2,3,1
A1P2,4,1
A1P2,5,1
A1P2,6,1
A1P2,7,1
A1P2,8,1
A1P2,9,1
A1P2,10,1
A1P2,11,1
A1P2,12,1
A1P2,13,1
A1P2,14,1
A1P2,15,1
A1P2,16,1
A1P2,17,1
A1P2,18,1
A1P2,19,1
A1P2,20,1
A1P2,21,1
A1P2,22,1
A1P2,23,1
A1P3,0,5
A1P3,1,5
A1P3,2,5
A1P3,3,5
A1P3,4,5
A1P3,5,5
A1P3,6,5
A1P3,7,5
A1P3,8,5
A1P3,9,5
A1P3,10,5
A1P3,11,5
A1P3,12,5
A1P3,13,5
A1P3,14,5
A1P3,15,5
A1P3,16,5
A1P3,17,5
A1P3,18,5
A1P3,19,5
A1P3,20,5
A1P3,21,5
A1P3,22,5
A1P3,23,5
A2P1,0,5
A2P1,1,5
A2P1,2,5
A2P1,3,5
A2P1,4,5
A2P1,5,5
A2P1,6,5
A2P1,7,5
A2P1,8,5
A2P1,9,5
A2P1,10,5
A2P1,11,5
A2P1,12,5
A2P1,13,5
A2P1,14,5
A2P1,15,5
A2P1,16,5
A2P1,17,5
A2P1,18,5
A2P1,19,5
A2P1,20,5
A2P1,21,5
A2P1,22,5
A2P1,23,5
A3P1,0,5
A3P1,1,5
A3P1,2,5
A3P1,3,5
A3P1,4,5
A3P1,5,5
A3P1,6,5
A3P1,7,5
A3P1,8,5
A3P1,9,5
A3P1,10,5
A3P1,11,5
A3P1,12,5
A3P1,13,5
A3P1,14,5
A3P1,15,5
A3P1,16,5
A3P1,17,5
A3P1,18,5
A3P1,19,5
A3P1,20,5
A3P1,21,5
A3P1,22,5
A3P1,23,5
A4P1,0,5
A4P1,1,5
A4P1,2,5
A4P1,3,5
A4P1,4,5
A4P1,5,5
A4P1,6,5
A4P1,7,5
A4P1,8,5
A4P1,9,5
A4P1,10,5
A4P1,11,5
A4P1,12,5
A4P1,13,5
A4P1,14,5
A4P1,15,5
A4P1,16,5
A4P1,17,5
A4P1,18,5
A4P1,19,5
A4P1,20,5
A4P1,21,5
A4P1,22,5
A4P1,23,5
A5P1,0,5
A5P1,1,5
A5P1,2,5
A5P1,3,5
A5P1,4,5
A5P1,5,5
A5P1,6,5
A5P1,7,5
A5P1,8,5
A5P1,9,5
A5P1,10,5
A5P1,11,5
A5P1,12,5
A5P1,13,5
A5P1,14,5
A5P1,15,5
A5P1,16,5
A5P1,17,5
A5P1,18,5
A5P1,19,5
A5P1,20,5
A5P1,21,5
A5P1,22,5
A5P1,23,5
A6P1,0,1
A6P1,1,1
A6P1,2,1
A6P1,3,1
A6P1,4,1
A6P1,5,1
A6P1,6,1
A6P1,7,1
A6P1,8,1
A6P1,9,1
A6P1,10,1
A6P1,11,1
A6P1,12,1
A6P1,13,1
A6P1,14,1
A6P1,15,1
A6P1,16,1
A6P1,17,1
A6P1,18,1
A6P1,19,1
A6P1,20,1
A6P1,21,1
A6P1,22,1
A6P1,23,1
A6P2,0,1
A6P2,1,1
A6P2,2,1
A6P2,3,1
A6P2,4,1
A6P2,5,1
A6P2,6,1
A6P2,7,1
A6P2,8,1
A6P2,9,1
A6P2,10,1
A6P2,11,1
A6P2,12,1
A6P2,13,1
A6P2,14,1
A6P2,15,1
A6P2,16,1
A6P2,17,1
A6P2,18,1
A6P2,19,1
A6P2,20,1
A6P2,21,1
A6P2,22,1
A6P2,23,1
A6P3,0,5
A6P3,1,5
A6P3,2,5
A6P3,3,5
A6P3,4,5
A6P3,5,5
A6P3,6,5
A6P3,7,5
A6P3,8,5
A6P3,9,5
A6P3,10,5
A6P3,11,5
A6P3,12,5
A6P3,13,5
A6P3,14,5
A6P3,15,5
A6P3,16,5
A6P3,17,5
A6P3,18,5
A6P3,19,5
A6P3,20,5
A6P3,21,5
A6P3,22,5
A6P3,23,5
A7P1,0,5
A7P1,1,5
A7P1,2,5
A7P1,3,5
A7P1,4,5
A7P1,5,5
A7P1,6,5
A7P1,7,5
A7P1,8,5
A7P1,9,5
A7P1,10,5
A7P1,11,5
A7P1,12,5
A7P1,13,5
A7P1,14,5
A7P1,15,5
A7P1,16,5
A7P1,17,5
A7P1,18,5
A7P1,19,5
A7P1,20,5
A7P1,21,5
A7P1,22,5
A7P1,23,5
C1P1,0,5
C1P1,1,5
C1P1,2,5
C1P1,3,5
C1P1,4,5
C1P1,5,5
C1P1,6,5
C1P1,7,5
C1P1,8,5
C1P1,9,5
C1P1,10,5
C1P1,11,5
C1P1,12,5
C1P1,13,5
C1P1,14,5
C1P1,15,5
C1P1,16,5
C1P1,17,5
C1P1,18,5
C1P1,19,5
C1P1,20,5
C1P1,21,5
C1P1,22,5
C1P1,23,5
C1P2,0,5
C1P2,1,5
C1P2,2,5
C1P2,3,5
C1P2,4,5
C1P2,5,5
C1P2,6,5
C1P2,7,5
C1P2,8,5
C1P2,9,5
C1P2,10,5
C1P2,11,5
C1P2,12,5
C1P2,13,5
C1P2,14,5
C1P2,15,5
C1P2,16,5
C1P2,17,5
C1P2,18,5
C1P2,19,5
C1P2,20,5
C1P2,21,5
C1P2,22,5
C1P2,23,5
C2P1,0,5
C2P1,1,5
C2P1,2,5
C2P1,3,5
C2P1,4,5
C2P1,5,5
C2P1,6,5
C2P1,7,5
C2P1,8,5
C2P1,9,5
C2P1,10,5
C2P1,11,5
C2P1,12,5
C2P1,13,5
C2P1,14,5
C2P1,15,5
C2P1,16,5
C2P1,17,5
C2P1,18,5
C2P1,19,5
C2P1,20,5
C2P1,21,5
C2P1,22,5
C2P1,23,5
C2P2,0,5
C2P2,1,5
C2P2,2,5
C2P2,3,5
C2P2,4,5
C2P2,5,5
C2P2,6,5
C2P2,7,5
C2P2,8,5
C2P2,9,5
C2P2,10,5
C2P2,11,5
C2P2,12,5
C2P2,13,5
C2P2,14,5
C2P2,15,5
C2P2,16,5
C2P2,17,5
C2P2,18,5
C2P2,19,5
C2P2,20,5
C2P2,21,5
C2P2,22,5
C2P2,23,5
C3P1,0,5
C3P1,1,5
C3P1,2,5
C3P1,3,5
C3P1,4,5
C3P1,5,5
C3P1,6,5
C3P1,7,5
C3P1,8,5
C3P1,9,5
C3P1,10,5
C3P1,11,5
C3P1,12,5
C3P1,13,5
C3P1,14,5
C3P1,15,5
C3P1,16,5
C3P1,17,5
C3P1,18,5
C3P1,19,5
C3P1,20,5
C3P1,21,5
C3P1,22,5
C3P1,23,5
C3P2,0,5
C3P2,1,5
C3P2,2,5
C3P2,3,5
C3P2,4,5
C3P2,5,5
C3P2,6,5
C3P2,7,5
C3P2,8,5
C3P2,9,5
C3P2,10,5
C3P2,11,5
C3P2,12,5
C3P2,13,5
C3P2,14,5
C3P2,15,5
C3P2,16,5
C3P2,17,5
C3P2,18,5
C3P2,19,5
C3P2,20,5
C3P2,21,5
C3P2,22,5
C3P2,23,5
C4P1,0,5
C4P1,1,5
C4P1,2,5
C4P1,3,5
C4P1,4,5
C4P1,5,5
C4P1,6,5
C4P1,7,5
C4P1,8,5
C4P1,9,5
C4P1,10,5
C4P1,11,5
C4P1,12,5
C4P1,13,5
C4P1,14,5
C4P1,15,5
C4P1,16,5
C4P1,17,5
C4P1,18,5
C4P1,19,5
C4P1,20,5
C4P1,21,5
C4P1,22,5
C4P1,23,5
D1P1,0,5
D1P1,1,5
D1P1,2,5
D1P1,3,5
D1P1,4,5
D1P1,5,5
D1P1,6,5
D1P1,7,5
D1P1,8,5
D1P1,9,5
D1P1,10,5
D1P1,11,5
D1P1,12,5
D1P1,13,5
D1P1,14,5
D1P1,15,5
D1P1,16,5
D1P1,17,5
D1P1,18,5
D1P1,19,5
D1P1,20,5
D1P1,21,5
D1P1,22,5
D1P1,23,5
D1P2,0,5
D1P2,1,5
D1P2,2,5
D1P2,3,5
D1P2,4,5
D1P2,5,5
D1P2,6,5
D1P2,7,5
D1P2,8,5
D1P2,9,5
D1P2,10,5
D1P2,11,5
D1P2,12,5
D1P2,13,5
D1P2,14,5
D1P2,15,5
D1P2,16,5
D1P2,17,5
D1P2,18,5
D1P2,19,5
D1P2,20,5
D1P2,21,5
D1P2,22,5
D1P2,23,5
D2P1,0,5
D2P1,1,5
D2P1,2,5
D2P1,3,5
D2P1,4,5
D2P1,5,5
D2P1,6,5
D2P1,7,5
D2P1,8,5
D2P1,9,5
D2P1,10,5
D2P1,11,5
D2P1,12,5
D2P1,13,5
D2P1,14,5
D2P1,15,5
D2P1,16,5
D2P1,17,5
D2P1,18,5
D2P1,19,5
D2P1,20,5
D2P1,21,5
D2P1,22,5
D2P1,23,5
D2P2,0,5
D2P2,1,5
D2P2,2,5
D2P2,3,5
D2P2,4,5
D2P2,5,5
D2P2,6,5
D2P2,7,5
D2P2,8,5
D2P2,9,5
D2P2,10,5
D2P2,11,5
D2P2,12,5
D2P2,13,5
D2P2,14,5
D2P2,15,5
D2P2,16,5
D2P2,17,5
D2P2,18,5
D2P2,19,5
D2P2,20,5
D2P2,21,5
D2P2,22,5
D2P2,23,5
D3P1,0,5
D3P1,1,5
D3P1,2,5
D3P1,3,5
D3P1,4,5
D3P1,5,5
D3P1,6,5
D3P1,7,5
D3P1,8,5
D3P1,9,5
D3P1,10,5
D3P1,11,5
D3P1,12,5
D3P1,13,5
D3P1,14,5
D3P1,15,5
D3P1,16,5
D3P1,17,5
D3P1,18,5
D3P1,19,5
D3P1,20,5
D3P1,21,5
D3P1,22,5
D3P1,23,5
D4P1,0,5
D4P1,1,5
D4P1,2,5
D4P1,3,5
D4P1,4,5
D4P1,5,5
D4P1,6,5
D4P1,7,5
D4P1,8,5
D4P1,9,5
D4P1,10,5
D4P1,11,5
D4P1,12,5
D4P1,13,5
D4P1,14,5
D4P1,15,5
D4P1,16,5
D4P1,17,5
D4P1,18,5
D4P1,19,5
D4P1,20,5
D4P1,21,5
D4P1,22,5
D4P1,23,5
D5P1,0,4
D5P1,1,4
D5P1,2,4
D5P1,3,4
D5P1,4,4
D5P1,5,4
D5P1,6,4
D5P1,7,4
D5P1,8,4
D5P1,9,4
D5P1,10,4
D5P1,11,4
D5P1,12,4
D5P1,13,4
D5P1,14,4
D5P1,15,4
D5P1,16,4
D5P1,17,4
D5P1,18,4
D5P1,19,4
D5P1,20,4
D5P1,21,4
D5P1,22,4
D5P1,23,4
D5P2,0,5
D5P2,1,5
D5P2,2,5
D5P2,3,5
D5P2,4,5
D5P2,5,5
D5P2,6,5
D5P2,7,5
D5P2,8,5
D5P2,9,5
D5P2,10,5
D5P2,11,5
D5P2,12,5
D5P2,13,5
D5P2,14,5
D5P2,15,5
D5P2,16,5
D5P2,17,5
D5P2,18,5
D5P2,19,5
D5P2,20,5
D5P2,21,5
D5P2,22,5
D5P2,23,5
D6P1,0,5
D6P1,1,5
D6P1,2,5
D6P1,3,5
D6P1,4,5
D6P1,5,5
D6P1,6,5
D6P1,7,5
D6P1,8,5
D6P1,9,5
D6P1,10,5
D6P1,11,5
D6P1,12,5
D6P1,13,5
D6P1,14,5
D6P1,15,5
D6P1,16,5
D6P1,17,5
D6P1,18,5
D6P1,19,5
D6P1,20,5
D6P1,21,5
D6P1,22,5
D6P1,23,5
D7P1,0,5
D7P1,1,5
D7P1,2,5
D7P1,3,5
D7P1,4,5
D7P1,5,5
D7P1,6,5
D7P1,7,5
D7P1,8,5
D7P1,9,5
D7P1,10,5
D7P1,11,5
D7P1,12,5
D7P1,13,5
D7P1,14,5
D7P1,15,5
D7P1,16,5
D7P1,17,5
D7P1,18,5
D7P1,19,5
D7P1,20,5
D7P1,21,5
D7P1,22,5
D7P1,23,5
D8P1,0,4
D8P1,1,4
D8P1,2,4
D8P1,3,4
D8P1,4,4
D8P1,5,4
D8P1,6,4
D8P1,7,4
D8P1,8,4
D8P1,9,4
D8P1,10,4
D8P1,11,4
D8P1,12,4
D8P1,13,4
D8P1,14,4
D8P1,15,4
D8P1,16,4
D8P1,17,4
D8P1,18,4
D8P1,19,4
D8P1,20,4
D8P1,21,4
D8P1,22,4
D8P1,23,4
D8P2,0,4
D8P2,1,4
D8P2,2,4
D8P2,3,4
D8P2,4,4
D8P2,5,4
D8P2,6,4
D8P2,7,4
D8P2,8,4
D8P2,9,4
D8P2,10,4
D8P2,11,4
D8P2,12,4
D8P2,13,4
D8P2,14,4
D8P2,15,4
D8P2,16,4
D8P2,17,4
D8P2,18,4
D8P2,19,4
D8P2,20,4
D8P2,21,4
D8P2,22,4
D8P2,23,4
W1P1,0,5.3
W1P1,1,5.3
W1P1,2,5.3
W1P1,3,5.3
W1P1,4,5.3
W1P1,5,5.3
W1P1,6,5.3
W1P1,7,5.3
W1P1,8,5.3
W1P1,9,5.3
W1P1,10,5.3
W1P1,11,5.3
W1P1,12,5.3
W1P1,13,5.3
W1P1,14,5.3
W1P1,15,5.3
W1P1,16,5.3
W1P1,17,5.3
W1P1,18,5.3
W1P1,19,5.3
W1P1,20,5.3
W1P1,21,5.3
W1P1,22,5.3
W1P1,23,5.3
W2P1,0,3.7
W2P1,1,3.7
W2P1,2,3.7
W2P1,3,3.7
W2P1,4,3.7
W2P1,5,3.7
W2P1,6,3.7
W2P1,7,3.7
W2P1,8,3.7
W2P1,9,3.7
W2P1,10,3.7
W2P1,11,3.7
W2P1,12,3.7
W2P1,13,3.7
W2P1,14,3.7
W2P1,15,3.7
W2P1,16,3.7
W2P1,17,3.7
W2P1,18,3.7
W2P1,19,3.7
W2P1,20,3.7
W2P1,21,3.7
W2P1,22,3.7
W2P1,23,3.7
W2P2,0,5.1
W2P2,1,5.1
W2P2,2,5.1
W2P2,3,5.1
W2P2,4,5.1
W2P2,5,5.1
W2P2,6,5.1
W2P2,7,5.1
W2P2,8,5.1
W2P2,9,5.1
W2P2,10,5.1
W2P2,11,5.1
W2P2,12,5.1
W2P2,13,5.1
W2P2,14,5.1
W2P2,15,5.1
W2P2,16,5.1
W2P2,17,5.1
W2P2,18,5.1
W2P2,19,5.1
W2P2,20,5.1
W2P2,21,5.1
W2P2,22,5.1
W2P2,23,5.1
W3P1,0,5.1
W3P1,1,5.1
W3P1,2,5.1
W3P1,3,5.1
W3P1,4,5.1
W3P1,5,5.1
W3P1,6,5.1
W3P1,7,5.1
W3P1,8,5.1
W3P1,9,5.1
W3P1,10,5.1
W3P1,11,5.1
W3P1,12,5.1
W3P1,13,5.1
W3P1,14,5.1
W3P1,15,5.1
W3P1,16,5.1
W3P1,17,5.1
W3P1,18,5.1
W3P1,19,5.1
W3P1,20,5.1
W3P1,21,5.1
W3P1,22,5.1
W3P1,23,5.1
W4P1,0,5.2
W4P1,1,5.2
W4P1,2,5.2
W4P1,3,5.2
W4P1,4,5.2
W4P1,5,5.2
W4P1,6,5.2
W4P1,7,5.2
W4P1,8,5.2
W4P1,9,5.2
W4P1,10,5.2
W4P1,11,5.2
W4P1,12,5.2
W4P1,13,5.2
W4P1,14,5.2
W4P1,15,5.2
W4P1,16,5.2
W4P1,17,5.2
W4P1,18,5.2
W4P1,19,5.2
W4P1,20,5.2
W4P1,21,5.2
W4P1,22,5.2
W4P1,23,5.2
W5P1,0,4.8
W5P1,1,4.8
W5P1,2,4.8
W5P1,3,4.8
W5P1,4,4.8
W5P1,5,4.8
W5P1,6,4.8
W5P1,7,4.8
W5P1,8,4.8
W5P1,9,4.8
W5P1,10,4.8
W5P1,11,4.8
W5P1,12,4.8
W5P1,13,4.8
W5P1,14,4.8
W5P1,15,4.8
W5P1,16,4.8
W5P1,17,4.8
W5P1,18,4.8
W5P1,19,4.8
W5P1,20,4.8
W5P1,21,4.8
W5P1,22,4.8
W5P1,23,4.8
W6P1,0,4.9
W6P1,1,4.9
W6P1,2,4.9
W6P1,3,4.9
W6P1,4,4.9
W6P1,5,4.9
W6P1,6,4.9
W6P1,7,4.9
W6P1,8,4.9
W6P1,9,4.9
W6P1,10,4.9
W6P1,11,4.9
W6P1,12,4.9
W6P1,13,4.9
W6P1,14,4.9
W6P1,15,4.9
W6P1,16,4.9
W6P1,17,4.9
W6P1,18,4.9
W6P1,19,4.9
W6P1,20,4.9
W6P1,21,4.9
W6P1,22,4.9
W6P1,23,4.9
W6P2,0,5.7
W6P2,1,5.7
W6P2,2,5.7
W6P2,3,5.7
W6P2,4,5.7
W6P2,5,5.7
W6P2,6,5.7
W6P2,7,5.7
W6P2,8,5.7
W6P2,9,5.7
W6P2,10,5.7
W6P2,11,5.7
W6P2,12,5.7
W6P2,13,5.7
W6P2,14,5.7
W6P2,15,5.7
W6P2,16,5.7
W6P2,17,5.7
W6P2,18,5.7
W6P2,19,5.7
W6P2,20,5.7
W6P2,21,5.7
W6P2,22,5.7
W6P2,23,5.7